[
  {
    "question": "What is the capital of France?",
    "options": [
      "London",
      "Paris",
      "Berlin",
      "Madrid"
    ],
    "correctAnswer": 1
  },
  {
    "question": "Which planet is known as the Red Planet?",
    "options": [
      "Mars",
      "Venus",
      "Jupiter",
      "Saturn"
    ],
    "correctAnswer": 0
  },
  {
    "question": "What is the largest mammal?",
    "options": [
      "Elephant",
      "Blue Whale",
      "Giraffe",
      "Hippo"
    ],
    "correctAnswer": 1
  },
  {
    "question": "Who painted the Mona Lisa?",
    "options": [
      "Leonardo da Vinci",
      "Vincent van Gogh",
      "Pablo Picasso",
      "Michelangelo"
    ],
    "correctAnswer": 0
  },
  {
    "question": "What is the main ingredient in guacamole?",
    "options": [
      "Tomato",
      "Avocado",
      "Onion",
      "Lemon"
    ],
    "correctAnswer": 1
  }
]